{
    "x": [
        0,
        2
    ],
    "y": [
        0,
        2
    ],
    "epochs": 1000,
    "check_range": [
        1,
        3,
        100
    ],
    "big_range": [
        1.0,
        10.0,
        19.0,
        28.0,
        37.0,
        46.0,
        55.0,
        64.0,
        73.0,
        82.0,
        91.0,
        100.0,
        109.0,
        118.0,
        127.0,
        136.0,
        145.0,
        154.0,
        163.0,
        172.0,
        181.0,
        190.0,
        199.0,
        208.0,
        217.0,
        226.0,
        235.0,
        244.0,
        253.0,
        262.0,
        271.0,
        280.0,
        289.0,
        298.0,
        307.0,
        316.0,
        325.0,
        334.0,
        343.0,
        352.0,
        361.0,
        370.0,
        379.0,
        388.0,
        397.0,
        406.0,
        415.0,
        424.0,
        433.0,
        442.0,
        451.0,
        460.0,
        469.0,
        478.0,
        487.0,
        496.0,
        505.0,
        514.0,
        523.0,
        532.0,
        541.0,
        550.0,
        559.0,
        568.0,
        577.0,
        586.0,
        595.0,
        604.0,
        613.0,
        622.0,
        631.0,
        640.0,
        649.0,
        658.0,
        667.0,
        676.0,
        685.0,
        694.0,
        703.0,
        712.0,
        721.0,
        730.0,
        739.0,
        748.0,
        757.0,
        766.0,
        775.0,
        784.0,
        793.0,
        802.0,
        811.0,
        820.0,
        829.0,
        838.0,
        847.0,
        856.0,
        865.0,
        874.0,
        883.0,
        892.0,
        901.0,
        910.0,
        919.0,
        928.0,
        937.0,
        946.0,
        955.0,
        964.0,
        973.0,
        982.0,
        991.0,
        1000.0
    ],
    "near_one": [
        0.5,
        0.6111111111111112,
        0.7222222222222222,
        0.8333333333333333,
        0.9444444444444444,
        0.95,
        0.975,
        1.0,
        1.025,
        1.05,
        1.0555555555555556,
        1.1666666666666665,
        1.2777777777777777,
        1.3888888888888888,
        1.5
    ],
    "small_zero_neigh": [
        0.001,
        0.11514285714285714,
        0.2292857142857143,
        0.3434285714285714,
        0.4575714285714286,
        0.5717142857142857,
        0.6858571428571428,
        0.8,
        0.9,
        0.9333333333333333,
        0.9666666666666667,
        1.0,
        1.0333333333333334,
        1.0666666666666669,
        1.1
    ],
    "two_pow_1": [
        0.125,
        0.25,
        0.5,
        1,
        2,
        4,
        8,
        16,
        32,
        64,
        128,
        256,
        512,
        1024,
        2048,
        4096,
        8192
    ],
    "two_pow_2": [
        0.21022410381342863,
        0.3535533905932738,
        0.5946035575013605,
        1.0,
        1.681792830507429,
        2.8284271247461903,
        4.756828460010884,
        8.0,
        13.454342644059432,
        22.627416997969522,
        38.05462768008707,
        64.0,
        107.63474115247546,
        181.01933598375618,
        304.4370214406966,
        512.0,
        861.0779292198037,
        1448.1546878700494,
        2435.4961715255727,
        4096.0,
        6888.623433758429,
        11585.237502960395,
        19483.96937220458
    ],
    "test": [
        1
    ],
    "zero_neighborhood": [
        0.001,
        0.011090909090909092,
        0.021181818181818184,
        0.03127272727272727,
        0.041363636363636366,
        0.05145454545454546,
        0.06154545454545455,
        0.07163636363636364,
        0.08172727272727273,
        0.09181818181818183,
        0.10190909090909092,
        0.112,
        0.1220909090909091,
        0.13218181818181818,
        0.14227272727272727,
        0.15236363636363637,
        0.16245454545454546,
        0.17254545454545456,
        0.18263636363636365,
        0.19272727272727275,
        0.20281818181818184,
        0.2129090909090909,
        0.223,
        0.2330909090909091,
        0.2431818181818182,
        0.25327272727272726,
        0.26336363636363636,
        0.27345454545454545,
        0.28354545454545454,
        0.29363636363636364,
        0.30372727272727273,
        0.31381818181818183,
        0.3239090909090909,
        0.334,
        0.3440909090909091,
        0.3541818181818182,
        0.3642727272727273,
        0.3743636363636364,
        0.3844545454545455,
        0.3945454545454546,
        0.4046363636363637,
        0.4147272727272727,
        0.4248181818181818,
        0.4349090909090909,
        0.445,
        0.4550909090909091,
        0.4651818181818182,
        0.4752727272727273,
        0.4853636363636364,
        0.4954545454545455,
        0.5055454545454545,
        0.5156363636363637,
        0.5257272727272727,
        0.5358181818181819,
        0.5459090909090909,
        0.556,
        0.5660909090909091,
        0.5761818181818182,
        0.5862727272727273,
        0.5963636363636364,
        0.6064545454545455,
        0.6165454545454546,
        0.6266363636363637,
        0.6367272727272728,
        0.6468181818181818,
        0.6569090909090909,
        0.667,
        0.6770909090909091,
        0.6871818181818182,
        0.6972727272727273,
        0.7073636363636364,
        0.7174545454545455,
        0.7275454545454546,
        0.7376363636363636,
        0.7477272727272728,
        0.7578181818181818,
        0.767909090909091,
        0.778,
        0.7880909090909092,
        0.7981818181818182,
        0.8082727272727274,
        0.8183636363636364,
        0.8284545454545454,
        0.8385454545454546,
        0.8486363636363636,
        0.8587272727272728,
        0.8688181818181818,
        0.878909090909091,
        0.889,
        0.8990909090909092,
        0.9091818181818182,
        0.9192727272727274,
        0.9293636363636364,
        0.9394545454545455,
        0.9495454545454546,
        0.9596363636363637,
        0.9697272727272728,
        0.9798181818181818,
        0.989909090909091,
        1.0
    ]
}