{
    "x": [
        0,
        2
    ],
    "y": [
        0,
        2
    ],
    "two_pow_2": [
        0.21022410381342863,
        0.3535533905932738,
        0.5946035575013605,
        1.0,
        1.681792830507429,
        2.8284271247461903,
        4.756828460010884,
        8.0,
        13.454342644059432,
        22.627416997969522,
        38.05462768008707,
        64.0,
        107.63474115247546,
        181.01933598375618,
        304.4370214406966,
        512.0,
        861.0779292198037,
        1448.1546878700494,
        2435.4961715255727,
        4096.0,
        6888.623433758429,
        11585.237502960395,
        19483.96937220458
    ],
    "two_pow": [
        0.125,
        0.250,
        0.5,
        1,
        2,
        3.0,
        4.5,
        6.75,
        10.125,
        15.188,
        22.781,
        34.172,
        47.841,
        66.977,
        93.768,
        131.275,
        183.785,
        257.298,
        360.218,
        468.283,
        608.768,
        791.398,
        1028.818,
        1337.463,
        1738.702,
        2260.313,
        2712.375,
        3254.85,
        3905.82,
        4686.984,
        5624.381,
        6749.258,
        8099.109,
        8909.02,
        9799.922,
        10779.914,
        11857.906,
        13043.696,
        14348.066,
        15782.872
    ]
}